{
  "variant": "lgbm_tvp_sweep",
  "tvp": 1.7,
  "tvp_tag": "1p7",
  "params": {
    "objective": "tweedie",
    "metric": "tweedie",
    "verbose": -1,
    "num_threads": 0,
    "seed": 42,
    "bagging_freq": 1,
    "learning_rate": 0.025,
    "num_leaves": 64,
    "min_data_in_leaf": 100,
    "feature_fraction": 0.7,
    "bagging_fraction": 0.9,
    "lambda_l2": 0.1,
    "tweedie_variance_power": 1.7
  },
  "total_train_min": 113.93041671911875,
  "val_wrmsse": 0.771298402723488,
  "reference_val_wrmsse_day9": 0.7254,
  "reference_private_lb_day9": 0.5854,
  "per_horizon": {
    "1": {
      "best_iter": 514,
      "val_tweedie": 4.405175926410759,
      "train_s": 338.2077307701111
    },
    "2": {
      "best_iter": 535,
      "val_tweedie": 4.413676760582282,
      "train_s": 354.0687713623047
    },
    "3": {
      "best_iter": 378,
      "val_tweedie": 4.421782751251051,
      "train_s": 305.49129843711853
    },
    "4": {
      "best_iter": 357,
      "val_tweedie": 4.428092398172979,
      "train_s": 272.56552171707153
    },
    "5": {
      "best_iter": 437,
      "val_tweedie": 4.432126177864817,
      "train_s": 309.859347820282
    },
    "6": {
      "best_iter": 353,
      "val_tweedie": 4.437189478735723,
      "train_s": 279.3138778209686
    },
    "7": {
      "best_iter": 370,
      "val_tweedie": 4.440231230245995,
      "train_s": 280.48252296447754
    },
    "8": {
      "best_iter": 261,
      "val_tweedie": 4.44433153423506,
      "train_s": 223.7341549396515
    },
    "9": {
      "best_iter": 529,
      "val_tweedie": 4.446059037054881,
      "train_s": 352.05217576026917
    },
    "10": {
      "best_iter": 408,
      "val_tweedie": 4.449034277089167,
      "train_s": 296.4102442264557
    },
    "11": {
      "best_iter": 277,
      "val_tweedie": 4.452624687085398,
      "train_s": 229.58305501937866
    },
    "12": {
      "best_iter": 285,
      "val_tweedie": 4.455032540434147,
      "train_s": 225.0399670600891
    },
    "13": {
      "best_iter": 243,
      "val_tweedie": 4.457553154626742,
      "train_s": 207.1517527103424
    },
    "14": {
      "best_iter": 238,
      "val_tweedie": 4.460189205711898,
      "train_s": 203.1392958164215
    },
    "15": {
      "best_iter": 261,
      "val_tweedie": 4.46303893671897,
      "train_s": 213.91115164756775
    },
    "16": {
      "best_iter": 271,
      "val_tweedie": 4.464975602167059,
      "train_s": 217.1382293701172
    },
    "17": {
      "best_iter": 228,
      "val_tweedie": 4.4674857320111085,
      "train_s": 200.6683225631714
    },
    "18": {
      "best_iter": 235,
      "val_tweedie": 4.469516939351623,
      "train_s": 200.69941902160645
    },
    "19": {
      "best_iter": 228,
      "val_tweedie": 4.471801619771645,
      "train_s": 194.56548142433167
    },
    "20": {
      "best_iter": 222,
      "val_tweedie": 4.474138423427872,
      "train_s": 193.59807085990906
    },
    "21": {
      "best_iter": 233,
      "val_tweedie": 4.4761873349164505,
      "train_s": 200.75915455818176
    },
    "22": {
      "best_iter": 197,
      "val_tweedie": 4.481219648023372,
      "train_s": 178.1649570465088
    },
    "23": {
      "best_iter": 219,
      "val_tweedie": 4.48145721883766,
      "train_s": 176.89389753341675
    },
    "24": {
      "best_iter": 233,
      "val_tweedie": 4.4826490710890665,
      "train_s": 159.88675022125244
    },
    "25": {
      "best_iter": 219,
      "val_tweedie": 4.486784428928041,
      "train_s": 182.29498147964478
    },
    "26": {
      "best_iter": 203,
      "val_tweedie": 4.487061733958387,
      "train_s": 178.01310515403748
    },
    "27": {
      "best_iter": 238,
      "val_tweedie": 4.486679046990461,
      "train_s": 184.2047517299652
    },
    "28": {
      "best_iter": 172,
      "val_tweedie": 4.491672784993553,
      "train_s": 173.37196731567383
    }
  }
}