{
  "individual_val_wrmsse": {
    "tvp_1p3": 0.6860450691200223,
    "tvp_1p7": 0.771298402723488,
    "mh_blend": 0.7210385246375456
  },
  "optuna": {
    "n_trials": 50,
    "best_val": 0.6883062059835293,
    "weights": {
      "w_13": 0.9134468910746598,
      "w_17": 0.011965350247215586,
      "w_mh": 0.07458775867812469
    }
  },
  "candidate_val_wrmsse": {
    "tvp13_mhblend_5050": 0.7001066501820993,
    "tvp13_tvp17_5050": 0.7202732392016803,
    "tvp13_tvp17_mh_3333": 0.7198855749630364,
    "optuna_blend": 0.6883062163983343
  }
}