{
  "individual_val_wrmsse": {
    "tvp_1p3": 0.6860450691200223,
    "tvp_1p7": 0.771298402723488,
    "mh_blend": 0.5422151475129695
  },
  "optuna": {
    "n_trials": 50,
    "best_val": 0.5458170379885424,
    "weights": {
      "w_13": 0.007108499199435234,
      "w_17": 0.026468940988537738,
      "w_mh": 0.966422559812027
    }
  },
  "candidate_val_wrmsse": {
    "tvp13_mhblend_5050": 0.598501127763377,
    "tvp13_tvp17_5050": 0.7202732392016803,
    "tvp13_tvp17_mh_3333": 0.6464346500727426,
    "optuna_blend": 0.5458168987937193
  }
}