{
  "naive": {
    "wrmsse": 1.4638556933048779,
    "levels": {
      "level_1": 1.487875657360515,
      "level_2": 1.5171613844433498,
      "level_3": 1.5345695831898576,
      "level_4": 1.5199814221508459,
      "level_5": 1.6055450107280402,
      "level_6": 1.5404737993270297,
      "level_7": 1.6142789404111482,
      "level_8": 1.5387737554908978,
      "level_9": 1.5615892718282387,
      "level_10": 1.270802345025916,
      "level_11": 1.2107131253214656,
      "level_12": 1.1645040243812284
    }
  },
  "seasonal_naive_7": {
    "wrmsse": 0.8697007023310631,
    "levels": {
      "level_1": 0.751430066763917,
      "level_2": 0.7543958606400083,
      "level_3": 0.7993035007783555,
      "level_4": 0.762047081467462,
      "level_5": 0.8170857536941549,
      "level_6": 0.782982563102164,
      "level_7": 0.830436309424178,
      "level_8": 0.8392626434885152,
      "level_9": 0.8918554353905753,
      "level_10": 1.0322482503602848,
      "level_11": 1.0749590964039442,
      "level_12": 1.1004018664591966
    }
  },
  "seasonal_naive_28": {
    "wrmsse": 0.8377259585750156,
    "levels": {
      "level_1": 0.6288945410210012,
      "level_2": 0.6891539067651545,
      "level_3": 0.7485747935674466,
      "level_4": 0.656525449347147,
      "level_5": 0.7572840857589158,
      "level_6": 0.7190524628009102,
      "level_7": 0.8041589276826719,
      "level_8": 0.7938262381155983,
      "level_9": 0.875789588768867,
      "level_10": 1.0941114683183277,
      "level_11": 1.1286435993453836,
      "level_12": 1.1566964414087635
    }
  },
  "seasonal_naive_365": {
    "wrmsse": 1.4614969046806443,
    "levels": {
      "level_1": 1.560988844635467,
      "level_2": 1.4967795658169833,
      "level_3": 1.5377280656084353,
      "level_4": 1.5031559150091838,
      "level_5": 1.5257300935773288,
      "level_6": 1.4409104456068418,
      "level_7": 1.4560565521329412,
      "level_8": 1.487644129599799,
      "level_9": 1.497308544357974,
      "level_10": 1.4554274986300912,
      "level_11": 1.3414198388410867,
      "level_12": 1.234813362351597
    }
  },
  "moving_avg_7": {
    "wrmsse": 1.1361208776813678,
    "levels": {
      "level_1": 1.2462624484268232,
      "level_2": 1.2125408190926785,
      "level_3": 1.2002375336294735,
      "level_4": 1.2312785992652882,
      "level_5": 1.2781332193520998,
      "level_6": 1.197039969028766,
      "level_7": 1.2220761104588478,
      "level_8": 1.1604224415961946,
      "level_9": 1.1616106720534047,
      "level_10": 0.9367753545036122,
      "level_11": 0.905134818213147,
      "level_12": 0.8819385465560785
    }
  },
  "moving_avg_28": {
    "wrmsse": 1.0822742209354084,
    "levels": {
      "level_1": 1.1571012302477721,
      "level_2": 1.1310692540780807,
      "level_3": 1.1223769813292124,
      "level_4": 1.1527239318755718,
      "level_5": 1.2111687402929174,
      "level_6": 1.125844404774871,
      "level_7": 1.1639877182862859,
      "level_8": 1.0982872846381144,
      "level_9": 1.1140253086903196,
      "level_10": 0.9435537565291483,
      "level_11": 0.89907902641734,
      "level_12": 0.8680730140652696
    }
  },
  "moving_avg_90": {
    "wrmsse": 1.1014633018191942,
    "levels": {
      "level_1": 1.176594721710863,
      "level_2": 1.1439078062768244,
      "level_3": 1.1461180726311269,
      "level_4": 1.1738985741647054,
      "level_5": 1.22110961280911,
      "level_6": 1.144544127387052,
      "level_7": 1.1725341886648013,
      "level_8": 1.128673090478097,
      "level_9": 1.1339947702718234,
      "level_10": 0.980600639943026,
      "level_11": 0.9210806190417758,
      "level_12": 0.8745033984511242
    }
  }
}