{
  "naive": {
    "wrmsse": 1.513707391661444,
    "levels": {
      "level_1": 1.487875657360515,
      "level_2": 1.5171079065051132,
      "level_3": 1.5345283195924522,
      "level_4": 1.5199798570137888,
      "level_5": 1.6055464717131576,
      "level_6": 1.5404185045506582,
      "level_7": 1.6142229237464094,
      "level_8": 1.5387203038549888,
      "level_9": 1.561514718922564,
      "level_10": 1.4603683655586912,
      "level_11": 1.4001507658553471,
      "level_12": 1.3840549052636455
    }
  },
  "seasonal_naive_7": {
    "wrmsse": 0.912770529930253,
    "levels": {
      "level_1": 0.751430066763917,
      "level_2": 0.7544177266263299,
      "level_3": 0.799328057802623,
      "level_4": 0.7620442308100137,
      "level_5": 0.8170886777788551,
      "level_6": 0.7830110639474565,
      "level_7": 0.8304701595881294,
      "level_8": 0.8392889537015651,
      "level_9": 0.8918803342690105,
      "level_10": 1.1797233566572054,
      "level_11": 1.2394785650090931,
      "level_12": 1.3050851662088374
    }
  },
  "seasonal_naive_28": {
    "wrmsse": 0.8834736280837575,
    "levels": {
      "level_1": 0.6288945410210012,
      "level_2": 0.6891651801458929,
      "level_3": 0.7485875748084215,
      "level_4": 0.6565245062474441,
      "level_5": 0.7572894417327204,
      "level_6": 0.7190675753066749,
      "level_7": 0.804180575203799,
      "level_8": 0.7938421206043678,
      "level_9": 0.875802171576743,
      "level_10": 1.2525430489282818,
      "level_11": 1.3026829738363275,
      "level_12": 1.3731038275934166
    }
  },
  "seasonal_naive_365": {
    "wrmsse": 1.5110874145502997,
    "levels": {
      "level_1": 1.560988844635467,
      "level_2": 1.49677034066503,
      "level_3": 1.5377162062534202,
      "level_4": 1.5031457794009435,
      "level_5": 1.5257279356599018,
      "level_6": 1.440892651266391,
      "level_7": 1.456043850931357,
      "level_8": 1.487605557006118,
      "level_9": 1.4972494271736227,
      "level_10": 1.641742143854998,
      "level_11": 1.5317208827901445,
      "level_12": 1.4534453549662039
    }
  },
  "moving_avg_7": {
    "wrmsse": 1.1720977265571495,
    "levels": {
      "level_1": 1.2462624484268232,
      "level_2": 1.2125395380946906,
      "level_3": 1.2002428495108415,
      "level_4": 1.2312753489397021,
      "level_5": 1.2781396473346378,
      "level_6": 1.1970405400214916,
      "level_7": 1.2220838774351086,
      "level_8": 1.1604245338571935,
      "level_9": 1.161611180598505,
      "level_10": 1.0687744129793002,
      "level_11": 1.0419101338355397,
      "level_12": 1.0448682076519613
    }
  },
  "moving_avg_28": {
    "wrmsse": 1.118281108547171,
    "levels": {
      "level_1": 1.1571012302477721,
      "level_2": 1.13106294328726,
      "level_3": 1.1223771403639633,
      "level_4": 1.1527219887643587,
      "level_5": 1.2111764437791166,
      "level_6": 1.1258390093416077,
      "level_7": 1.1639889042433964,
      "level_8": 1.0982846212516926,
      "level_9": 1.1140171519287057,
      "level_10": 1.077540326667251,
      "level_11": 1.0363254395453256,
      "level_12": 1.0289381031456026
    }
  },
  "moving_avg_90": {
    "wrmsse": 1.1373993409627268,
    "levels": {
      "level_1": 1.176594721710863,
      "level_2": 1.143899378741951,
      "level_3": 1.146117950867241,
      "level_4": 1.173896834844373,
      "level_5": 1.2211183133796015,
      "level_6": 1.1445378468855623,
      "level_7": 1.1725352863509224,
      "level_8": 1.128670438376194,
      "level_9": 1.1339873349554255,
      "level_10": 1.1163093519817062,
      "level_11": 1.0574264689732389,
      "level_12": 1.0336981644856449
    }
  }
}