{
  "bu_score": 0.6637876666398915,
  "bu_by_level": {
    "level_1": 0.3802106988147088,
    "level_2": 0.49881214939073226,
    "level_3": 0.6273055960850573,
    "level_4": 0.598421767849651,
    "level_5": 0.5953642996533216,
    "level_6": 0.6566744077309135,
    "level_7": 0.6559387055854806,
    "level_8": 0.717215914552175,
    "level_9": 0.7228923581990447,
    "level_10": 0.783961333445704,
    "level_11": 0.8493299140138644,
    "level_12": 0.8793248543580465
  },
  "td": {
    "national": {
      "wrmsse": 0.5580020689286411,
      "by_level": {
        "level_1": 0.31735637274348244,
        "level_2": 0.44757386207619504,
        "level_3": 0.5555387247755665,
        "level_4": 0.3734782999876953,
        "level_5": 0.42431047305778086,
        "level_6": 0.5050838895247289,
        "level_7": 0.5369242276014267,
        "level_8": 0.5940845126079821,
        "level_9": 0.6342274966907825,
        "level_10": 0.7262397682269139,
        "level_11": 0.7756149097467717,
        "level_12": 0.8055922901043683
      }
    },
    "state": {
      "wrmsse": 0.5739640019096517,
      "by_level": {
        "level_1": 0.324841632287188,
        "level_2": 0.48347982642197807,
        "level_3": 0.5833890749062137,
        "level_4": 0.3800958116322301,
        "level_5": 0.42859702928487603,
        "level_6": 0.5363524751887828,
        "level_7": 0.5707105022214997,
        "level_8": 0.618920350949008,
        "level_9": 0.6585661865128707,
        "level_10": 0.719657169679113,
        "level_11": 0.776110763943505,
        "level_12": 0.8068471998885552
      }
    },
    "category": {
      "wrmsse": 0.5555146492377416,
      "by_level": {
        "level_1": 0.31856551404955036,
        "level_2": 0.44770594550900167,
        "level_3": 0.5549367940427878,
        "level_4": 0.3611577685070026,
        "level_5": 0.4179859287371361,
        "level_6": 0.49975749458199326,
        "level_7": 0.5341490584106445,
        "level_8": 0.5914525254085886,
        "level_9": 0.6332236751798969,
        "level_10": 0.7262906885312561,
        "level_11": 0.7755879633498596,
        "level_12": 0.8053624345451826
      }
    },
    "dept": {
      "wrmsse": 0.5564560790910016,
      "by_level": {
        "level_1": 0.3203683173828533,
        "level_2": 0.4432791261929694,
        "level_3": 0.5535076671594858,
        "level_4": 0.3618251350998399,
        "level_5": 0.4184035491516157,
        "level_6": 0.49652191283434904,
        "level_7": 0.5429204318977922,
        "level_8": 0.5905127675789759,
        "level_9": 0.6406809664251223,
        "level_10": 0.7231891769370106,
        "level_11": 0.7778713035511402,
        "level_12": 0.8083925948808652
      }
    }
  }
}