{
  "optuna": {
    "horizon_tuned": 14,
    "n_trials": 15,
    "best_value": 3.8434056305504405,
    "best_params": {
      "lr": 0.025,
      "num_leaves": 64,
      "min_data": 100,
      "feat_frac": 0.7,
      "bag_frac": 0.9,
      "l2": 0.1,
      "tvp": 1.5316023005119925
    }
  },
  "final_params": {
    "objective": "tweedie",
    "metric": "tweedie",
    "verbose": -1,
    "num_threads": 0,
    "seed": 42,
    "bagging_freq": 1,
    "learning_rate": 0.025,
    "num_leaves": 64,
    "min_data_in_leaf": 100,
    "feature_fraction": 0.7,
    "bagging_fraction": 0.9,
    "lambda_l2": 0.1,
    "tweedie_variance_power": 1.5316023005119925
  },
  "val_wrmsse": {
    "multi_horizon_from_d1913": 0.7253948136609307,
    "single_step_oracle": 0.5422151475129695,
    "recursive_v2_reference": 0.6019
  },
  "per_horizon_mae": {
    "1": 0.9152106642723083,
    "2": 0.862119734287262,
    "3": 0.868479311466217,
    "4": 0.881793200969696,
    "5": 0.9819331765174866,
    "6": 1.0998753309249878,
    "7": 1.1352307796478271,
    "8": 1.015359878540039,
    "9": 1.0235930681228638,
    "10": 0.988734781742096,
    "11": 0.9911497235298157,
    "12": 1.050356149673462,
    "13": 1.2037001848220825,
    "14": 1.1341511011123657,
    "15": 1.077444076538086,
    "16": 0.9825873374938965,
    "17": 1.0164088010787964,
    "18": 0.9928786754608154,
    "19": 1.0647220611572266,
    "20": 1.212838888168335,
    "21": 1.3015080690383911,
    "22": 1.0362366437911987,
    "23": 0.9760869741439819,
    "24": 0.9373982548713684,
    "25": 0.9437151551246643,
    "26": 1.0226367712020874,
    "27": 1.1752525568008423,
    "28": 1.2124425172805786
  },
  "per_horizon_training": {
    "1": {
      "best_iter": 590,
      "val_tweedie": 3.790456508305214,
      "train_s": 409.18286418914795
    },
    "2": {
      "best_iter": 600,
      "val_tweedie": 3.79832794185679,
      "train_s": 379.89692544937134
    },
    "3": {
      "best_iter": 624,
      "val_tweedie": 3.804293107160137,
      "train_s": 393.9605619907379
    },
    "4": {
      "best_iter": 583,
      "val_tweedie": 3.809553806427668,
      "train_s": 419.52626752853394
    },
    "5": {
      "best_iter": 578,
      "val_tweedie": 3.8139379379179474,
      "train_s": 431.3834054470062
    },
    "6": {
      "best_iter": 386,
      "val_tweedie": 3.8182866152514,
      "train_s": 412.5389220714569
    },
    "7": {
      "best_iter": 647,
      "val_tweedie": 3.8214883052741357,
      "train_s": 521.6459596157074
    },
    "8": {
      "best_iter": 441,
      "val_tweedie": 3.825194411466867,
      "train_s": 520.0935728549957
    },
    "9": {
      "best_iter": 602,
      "val_tweedie": 3.826570163021647,
      "train_s": 647.5849242210388
    },
    "10": {
      "best_iter": 525,
      "val_tweedie": 3.8299906587819543,
      "train_s": 601.1028962135315
    },
    "11": {},
    "12": {
      "best_iter": 497,
      "val_tweedie": 3.8353028629399093,
      "train_s": 555.8839764595032
    },
    "13": {
      "best_iter": 286,
      "val_tweedie": 3.8388084741931072,
      "train_s": 388.4341468811035
    },
    "14": {},
    "15": {
      "best_iter": 313,
      "val_tweedie": 3.8438830525645766,
      "train_s": 409.35701751708984
    },
    "16": {
      "best_iter": 444,
      "val_tweedie": 3.8450978165526846,
      "train_s": 491.93169713020325
    },
    "17": {
      "best_iter": 433,
      "val_tweedie": 3.8472956481117033,
      "train_s": 514.1697056293488
    },
    "18": {},
    "19": {
      "best_iter": 285,
      "val_tweedie": 3.852887775033003,
      "train_s": 364.8745815753937
    },
    "20": {
      "best_iter": 291,
      "val_tweedie": 3.854112331338157,
      "train_s": 384.61932373046875
    },
    "21": {
      "best_iter": 219,
      "val_tweedie": 3.8561539373482554,
      "train_s": 356.2836389541626
    },
    "22": {
      "best_iter": 261,
      "val_tweedie": 3.8583403204563007,
      "train_s": 336.48682951927185
    },
    "23": {
      "best_iter": 234,
      "val_tweedie": 3.8612249304279724,
      "train_s": 371.92956733703613
    },
    "24": {},
    "25": {
      "best_iter": 228,
      "val_tweedie": 3.864551105477443,
      "train_s": 293.0752875804901
    },
    "26": {
      "best_iter": 289,
      "val_tweedie": 3.865136892535989,
      "train_s": 390.13743782043457
    },
    "27": {
      "best_iter": 237,
      "val_tweedie": 3.8670322163764044,
      "train_s": 290.59747791290283
    },
    "28": {
      "best_iter": 187,
      "val_tweedie": 3.871500692901891,
      "train_s": 207.09683322906494
    }
  }
}